timestamp,session_id,action,file_path
2025-07-30 11:56,fab1af04,Read,CLAUDE.md
2025-07-30 11:58,fab1af04,Write,.claude/scripts/analyze_searches.py
2025-07-30 12:04,fab1af04,Write,news/2025-07-30.md
2025-07-31 08:25,cf927796,Read,news/2025-07-30.md
2025-07-31 08:25,cf927796,Read,news/rules.md
2025-07-31 08:25,cf927796,Read,daily/2025-07-29.md
2025-07-31 08:25,cf927796,Write,daily/2025-07-30.md
2025-07-31 08:34,cf927796,Read,news/2025-07-30.md
2025-07-31 08:34,cf927796,Write,CLAUDE.md
2025-07-31 08:36,cf927796,Read,news
2025-07-31 08:36,cf927796,Read,news/2025-07-30.md
2025-07-31 09:16,3788a8a5,Read,news/2025-07-30.md
2025-07-31 09:17,38a327d8,Read,news/rules.md
2025-07-31 09:19,38a327d8,Read,news/2025-07-30.md
2025-07-31 09:20,38a327d8,Edit,news/2025-07-30.md
2025-07-31 09:20,38a327d8,Write,daily/2025-07-30.md
2025-07-31 09:26,38a327d8,Read,research/rules.md
2025-07-31 09:26,38a327d8,Read,research/autogen-framework.md
2025-07-31 09:26,38a327d8,Read,research/template.md
2025-07-31 09:31,38a327d8,Write,research/advanced-event-driven-architecture.md
2025-07-31 09:31,38a327d8,Write,daily/2025-07-31.md
2025-07-31 09:42,38a327d8,Write,research/treequest-framework.md
2025-07-31 09:43,38a327d8,Edit,daily/2025-07-31.md
2025-07-31 11:09,8bd19ac2,Read,research/rules.md
2025-07-31 11:09,8bd19ac2,Read,research/template.md
2025-07-31 11:11,8bd19ac2,Read,research/template.md
2025-07-31 11:11,8bd19ac2,Read,research
2025-07-31 11:11,8bd19ac2,Read,research/template.md
2025-07-31 11:17,e737bb8a,Read,research/rules.md
2025-07-31 11:17,e737bb8a,Read,research/template.md
2025-07-31 11:17,e737bb8a,Read,research/rules.md
2025-07-31 11:17,e737bb8a,Read,research/template.md
2025-07-31 11:17,e737bb8a,Read,research/multi-agent-systems.md
2025-07-31 11:17,e737bb8a,Read,research/autogen-framework.md
2025-07-31 11:17,e737bb8a,Read,research/multi-agent-orchestration.md
2025-07-31 11:20,e737bb8a,Write,research/crewai-framework.md
2025-07-31 11:20,e737bb8a,Read,daily/2025-07-31.md
2025-07-31 11:20,e737bb8a,Edit,daily/2025-07-31.md
2025-07-31 11:21,e737bb8a,Write,research/crewai-competitive-landscape.md
2025-07-31 11:22,e737bb8a,Write,research/crewai-comprehensive-research.md
2025-07-31 11:28,63e54110,Read,research/template.md
2025-07-31 11:28,63e54110,Read,news/rules.md
2025-07-31 11:28,63e54110,Read,research/rules.md
2025-07-31 11:28,63e54110,Read,daily/2025-07-31.md
2025-07-31 11:28,63e54110,Read,research/crewai-framework.md
2025-07-31 11:28,63e54110,Read,research/rules.md
2025-07-31 11:28,63e54110,Read,research/template.md
2025-07-31 11:28,63e54110,Read,research/crewai-framework.md
2025-07-31 11:28,63e54110,Read,research/crewai-comprehensive-research.md
2025-07-31 11:29,63e54110,Read,research/rules.md
2025-07-31 11:30,63e54110,Read,research/template.md
2025-07-31 11:30,63e54110,Read,research/template.md
2025-07-31 11:30,63e54110,Read,news/rules.md
2025-07-31 11:30,63e54110,Read,research/rules.md
2025-07-31 11:30,63e54110,Read,daily/2025-07-30.md
2025-07-31 11:30,63e54110,Read,daily/2025-07-29.md
2025-07-31 11:30,63e54110,Read,daily/2025-07-31.md
2025-07-31 11:30,63e54110,Read,research/crewai-framework.md
2025-07-31 11:30,63e54110,Read,news/2025-07-30.md
2025-07-31 11:30,63e54110,Read,daily/2025-07-27.md
2025-07-31 11:30,63e54110,Read,.obsidian/workspace.json
2025-07-31 11:30,63e54110,Read,research/agent-memory-systems.md
2025-07-31 11:33,63e54110,Write,research/uv-python-package-manager.md
2025-07-31 11:34,63e54110,Edit,research/uv-python-package-manager.md
2025-07-31 11:36,63e54110,Write,crewai-knowledge-vault-implementation-plan.md
2025-07-31 11:42,63e54110,Read,research/uv-python-package-manager.md
2025-07-31 11:44,63e54110,Read,research/crewai-framework.md
2025-07-31 11:44,63e54110,Edit,research/crewai-framework.md
2025-07-31 11:45,63e54110,Edit,research/uv-python-package-manager.md
2025-07-31 11:45,63e54110,Edit,research/crewai-framework.md
2025-07-31 16:22,4d7b9008,Write,news/2025-07-31.md
2025-07-31 16:22,4d7b9008,Read,daily/2025-07-31.md
2025-07-31 16:23,4d7b9008,Edit,daily/2025-07-31.md
2025-07-31 16:24,4d7b9008,Read,news/rules.md
2025-07-31 16:24,4d7b9008,Edit,news/2025-07-31.md
2025-07-31 16:26,4d7b9008,Read,CLAUDE.md
2025-07-31 16:26,4d7b9008,Edit,CLAUDE.md
2025-07-31 16:28,4d7b9008,Edit,CLAUDE.md
2025-07-31 16:31,4d7b9008,Read,.claude/agents/ml-agent-researcher.md
2025-07-31 16:32,4d7b9008,Write,.claude/agents/ai-news-curator.md
2025-07-31 16:37,b99a8f94,Read,news/rules.md
2025-07-31 16:38,b99a8f94,Read,news/2025-07-30.md
2025-07-31 16:38,b99a8f94,Read,news/2025-07-31.md
2025-07-31 16:59,85ac87d5,Read,news/rules.md
2025-07-31 16:59,85ac87d5,Read,news/2025-07-30.md
2025-07-31 17:00,85ac87d5,Read,news/2025-07-31.md
2025-07-31 17:11,832cc43a,Read,research/rules.md
2025-07-31 17:11,832cc43a,Read,research/template.md
2025-07-31 17:11,832cc43a,Read,news/2025-07-31.md
2025-07-31 17:12,832cc43a,Read,research/rules.md
2025-07-31 17:12,832cc43a,Read,research
2025-07-31 17:13,41b0f078,Read,.claude/agents/ai-news-curator.md
2025-07-31 17:13,832cc43a,Read,research/rules.md
2025-07-31 17:13,832cc43a,Read,research/template.md
2025-07-31 17:13,41b0f078,Edit,.claude/agents/ai-news-curator.md
2025-07-31 17:13,832cc43a,Read,news/2025-07-31.md
2025-07-31 17:14,41b0f078,Read,news/rules.md
2025-07-31 17:14,832cc43a,Write,research/openai-agents-sdk.md
2025-07-31 17:14,41b0f078,Read,news/2025-07-31.md
2025-07-31 17:14,41b0f078,Read,news/2025-07-30.md
2025-07-31 17:15,41b0f078,Read,news/2025-07-31.md
2025-07-31 17:15,41b0f078,Read,news/2025-07-31.md
2025-08-01 08:47,832cc43a,Read,research/openai-agents-sdk.md
2025-08-02 18:35,5d34c609,Read,news/rules.md
2025-08-02 18:35,5d34c609,Read,news/2025-07-31.md
2025-08-02 18:36,332b2489,Read,news/rules.md
2025-08-02 18:36,332b2489,Read,news/rules.md
2025-08-02 18:36,332b2489,Read,news/2025-07-31.md
2025-08-02 18:36,332b2489,Read,news/2025-07-31.md
2025-08-02 18:39,332b2489,Read,news/rules.md
2025-08-02 18:39,332b2489,Write,news/2025-08-01.md
2025-08-02 18:40,332b2489,Write,news/2025-08-02.md
2025-08-03 23:03,45c02337,Read,news/rules.md
2025-08-03 23:03,45c02337,Read,news/rules.md
2025-08-03 23:03,45c02337,Read,news/2025-08-02.md
2025-08-03 23:03,45c02337,Read,news/2025-08-02.md
2025-08-03 23:03,45c02337,Read,news/2025-08-01.md
2025-08-03 23:04,042c91fd,Read,news/2025-08-02.md
2025-08-03 23:04,042c91fd,Read,news/rules.md
2025-08-03 23:04,042c91fd,Read,news/2025-08-02.md
2025-08-03 23:06,042c91fd,Read,news
2025-08-03 23:11,042c91fd,Read,news/2025-08-02.md
2025-08-03 23:11,042c91fd,Read,news/rules.md
2025-08-03 23:11,042c91fd,Read,news/2025-08-02.md
2025-08-03 23:13,042c91fd,Read,news
2025-08-03 23:13,042c91fd,Read,.
2025-08-03 23:14,042c91fd,Write,news/2025-08-03.md
2025-08-03 23:33,042c91fd,Read,research/template.md
2025-08-03 23:33,042c91fd,Read,research/rules.md
2025-08-03 23:33,042c91fd,Read,research/aira-mle-bench-agents.md
2025-08-03 23:34,042c91fd,Read,research/template.md
2025-08-03 23:34,042c91fd,Read,research/rules.md
2025-08-03 23:35,042c91fd,Read,news/2025-08-03.md
2025-08-03 23:35,042c91fd,Read,news/rules.md
2025-08-03 23:36,042c91fd,Read,news/2025-08-03.md
2025-08-03 23:37,042c91fd,Write,news/2025-08-03.md
2025-08-03 23:41,042c91fd,Write,research/google-ai-co-scientist.md
2025-08-05 16:20,523bff15,Read,news/rules.md
2025-08-05 16:20,523bff15,Read,news/rules.md
2025-08-05 16:20,523bff15,Read,news/2025-08-03.md
2025-08-06 06:31,523bff15,Read,news/rules.md
2025-08-06 06:31,523bff15,Read,news/2025-08-03.md
2025-08-06 06:31,523bff15,Read,news/2025-08-02.md
